{
  "total_vulnerabilities": 183,
  "total_chains": 0,
  "critical_chains": 0,
  "high_risk_chains": 0,
  "analysis_time": 0.05322384834289551,
  "timestamp": "2025-12-08T04:27:14.241733",
  "chains": []
}