{
  "total_detected": 37,
  "tp": 34,
  "fp": 3,
  "fn": 0,
  "total_known_chains": 27,
  "precision": 0.918918918918919,
  "recall": 1.0,
  "f1": 0.9577464788732395,
  "fp_rate": 0.08108108108108109,
  "fp_ci_95": [
    0.027960066396321384,
    0.2130099249850153
  ],
  "fn_chains": []
}