{
  "precision": 0.918918918918919,
  "recall": 1.0,
  "f1": 0.9577464788732395,
  "total_chains": 37,
  "tp": 34,
  "fp": 3,
  "fn": 0,
  "fp_rate": 0.08108108108108109
}